{
  "model_id": "checkpoints/stable-diffusion-xl-base-1.0",
  "learning_rate": 1e-4,
  "batch_size": 2,
  "num_epochs": 20,
  "save_steps": 500,
  "gradient_accumulation_steps": 4,
  "image_size": 512,
  "feature_dim": 512,
  "output_dir": "output/models/advanced",
  "max_samples": null,
  "loss_weights": {
    "mse": 1.0,
    "lpips": 0.5,
    "feature": 0.3,
    "consistency": 0.2
  },
  "training_strategy": {
    "use_advanced_loss": true,
    "use_multimodal_fusion": true,
    "use_texture_consistency": true,
    "use_perceptual_loss": true
  },
  "data_augmentation": {
    "horizontal_flip": 0.5,
    "rotation_degrees": 15,
    "color_jitter": {
      "brightness": 0.1,
      "contrast": 0.1,
      "saturation": 0.1
    }
  },
  "optimizer": {
    "type": "AdamW",
    "weight_decay": 0.01,
    "betas": [0.9, 0.999]
  },
  "scheduler": {
    "type": "CosineAnnealingLR"
  }
} 