{
  "output_dir": "output/experiments",
  "test_prompts": [
    "一品文官仙鹤金线刺绣",
    "二品文官锦鸡金线刺绣",
    "三品文官孔雀金线刺绣",
    "四品文官云雁金线刺绣",
    "五品文官白鹇金线刺绣",
    "六品文官鹭鸶金线刺绣",
    "七品文官鸂鶒金线刺绣",
    "八品文官鹌鹑金线刺绣",
    "九品文官练鹊金线刺绣",
    "一品武官麒麟金线刺绣"
  ],
  "generation_params": {
    "sdxl": {
      "num_images_per_prompt": 3,
      "num_inference_steps": 30,
      "guidance_scale": 7.5,
      "image_size": 512
    },
    "dalle3": {
      "num_images_per_prompt": 3,
      "size": "1024x1024",
      "quality": "standard"
    }
  },
  "evaluation_metrics": [
    "fid_score",
    "glcm_texture",
    "clip_similarity",
    "cultural_accuracy",
    "craft_feasibility",
    "aesthetic_quality"
  ],
  "statistical_tests": [
    "t_test",
    "wilcoxon",
    "effect_size"
  ],
  "visualization_types": [
    "metric_comparison",
    "distribution_plots",
    "correlation_matrix",
    "radar_chart",
    "sample_gallery"
  ]
} 