{
    "model_id": "stabilityai/stable-diffusion-xl-base-1.0",
    "output_dir": "output/models",
    "image_size": 256,
    "batch_size": 1,
    "learning_rate": 1e-5,
    "num_epochs": 10,
    "save_steps": 50,
    "gradient_accumulation_steps": 8,
    "semantic_rank": 8,
    "texture_rank": 4,
    "lora_alpha": 16,
    "use_wandb": false,
    "project_name": "gold_thread_embroidery",
    "seed": 42,
    "guidance_scale": 7.5,
    "num_inference_steps": 20,
    "do_classifier_free_guidance": true,
    "default_patterns": {
        "一品文官": "仙鹤",
        "二品文官": "锦鸡",
        "三品文官": "孔雀",
        "四品文官": "云雁",
        "五品文官": "白鹇",
        "一品武官": "麒麟",
        "二品武官": "狮子",
        "三品武官": "豹子",
        "四品武官": "虎"
    },
    "stitch_types": ["盘金绣", "平金绣", "垫高针"],
    "max_train_steps": 50,
    "warmup_steps": 5,
    "mixed_precision": "no",
    "resolution": 256,
    "train_text_encoder": false,
    "use_8bit_adam": false,
    "gradient_checkpointing": true,
    "dataloader_num_workers": 0,
    "logging_dir": "output/logs",
    "report_to": "none",
    "max_samples": null
} 