{
  "base_prompts": [
    "traditional Chinese gold thread embroidery",
    "imperial court embroidery art",
    "ancient Chinese silk embroidery",
    "luxury gold wire needlework"
  ],
  "subject_prompts": [
    "crane bird with spread wings",
    "elegant flying crane",
    "imperial crane motif",
    "traditional crane pattern"
  ],
  "technique_prompts": [
    "metallic gold threads on silk",
    "intricate hand-stitched details",
    "shimmering gold wire work",
    "fine needlework craftsmanship"
  ],
  "style_prompts": [
    "museum quality textile art",
    "royal court embroidery style",
    "traditional Chinese handicraft",
    "imperial dynasty artwork"
  ],
  "negative_prompts": [
    "low quality, blurry, distorted",
    "modern style, digital art",
    "painting, drawing, illustration",
    "machine made, printed, fake"
  ]
}