{
    "model_id": "checkpoints/stable-diffusion-xl-base-1.0",
    "learning_rate": 1e-4,
    "batch_size": 1,
    "num_epochs": 5,
    "save_steps": 100,
    "gradient_accumulation_steps": 8,
    "image_size": 512,
    "feature_dim": 512,
    "output_dir": "output/models/advanced",
    "max_samples": 50,
    "use_mixed_precision": false,
    "generation_settings": {
        "num_inference_steps": 25,
        "guidance_scale": 7.5,
        "enable_memory_efficient_attention": true,
        "enable_cpu_offload": true
    },
    "loss_weights": {
        "mse": 1.0,
        "lpips": 0.3,
        "feature": 0.2,
        "consistency": 0.1
    }
} 