{
  "model_id": "checkpoints/stable-diffusion-xl-base-1.0",
  "learning_rate": 5e-05,
  "batch_size": 1,
  "num_epochs": 3,
  "save_steps": 50,
  "gradient_accumulation_steps": 8,
  "image_size": 512,
  "feature_dim": 512,
  "output_dir": "output/models/improved",
  "max_samples": 100,
  "use_mixed_precision": false,
  "early_stopping": true,
  "loss_weights": {
    "mse": 0.8,
    "lpips": 0.5,
    "feature": 0.3,
    "consistency": 0.2
  },
  "generation_settings": {
    "num_inference_steps": 50,
    "guidance_scale": 8.0,
    "negative_prompt": "low quality, blurry, distorted, modern style, digital art, painting, drawing"
  }
}