{
  "translation_methods": {
    "baidu": {
      "description": "百度翻译API（推荐，质量高，需要注册）",
      "url": "https://fanyi-api.baidu.com/",
      "free_quota": "每月200万字符免费",
      "config": {
        "baidu_app_id": "your_baidu_app_id",
        "baidu_secret_key": "your_baidu_secret_key"
      }
    },
    "youdao": {
      "description": "有道翻译API（质量好，需要注册）",
      "url": "https://ai.youdao.com/",
      "free_quota": "每月100万字符免费",
      "config": {
        "youdao_app_key": "your_youdao_app_key",
        "youdao_app_secret": "your_youdao_app_secret"
      }
    },
    "google": {
      "description": "Google翻译（免费但可能不稳定）",
      "note": "需要安装: pip install googletrans==4.0.0-rc1",
      "config": {}
    },
    "local": {
      "description": "本地翻译模型（离线，需要下载模型）",
      "note": "需要安装: pip install transformers torch",
      "model": "Helsinki-NLP/opus-mt-zh-en",
      "config": {}
    },
    "dict": {
      "description": "词典翻译（备用方案，质量有限）",
      "config": {}
    }
  },
  "recommended_setup": {
    "primary": "baidu",
    "fallback": "google",
    "offline": "local"
  },
  "usage_examples": {
    "baidu_translation": {
      "command": "python scripts/pretranslate_knowledge_craft.py --translation_method baidu --baidu_app_id YOUR_APP_ID --baidu_secret_key YOUR_SECRET_KEY",
      "description": "使用百度翻译API"
    },
    "google_translation": {
      "command": "python scripts/pretranslate_knowledge_craft.py --translation_method google",
      "description": "使用Google翻译（免费）"
    },
    "auto_translation": {
      "command": "python scripts/pretranslate_knowledge_craft.py --translation_method auto",
      "description": "自动选择最佳翻译方案"
    }
  }
} 