{
  "translation_summary": {
    "start_time": "2025-05-28T15:33:22.031882",
    "end_time": "2025-05-28T15:33:41.679340",
    "duration_seconds": 19.647458,
    "total_files_processed": 184,
    "already_translated": 180,
    "newly_translated": 0,
    "failed_translations": 4,
    "skipped_files": 180,
    "total_terms_translated": 0,
    "success_rate": 97.82608695652173,
    "translation_method": "google",
    "supports_resume": true
  },
  "output_files": {
    "knowledge_translations": "knowledge/translated_knowledge.json",
    "craft_translations": "craft/translated_craft.json",
    "unified_prompts": "unified_prompts.json"
  },
  "resume_info": {
    "description": "翻译状态保存在各类别目录下的 .translated.json 文件中",
    "resume_command": "再次运行相同命令即可从中断处继续翻译"
  }
}